"年","週","始まり","終わり","総数","北海道","青森県","岩手県","宮城県","秋田県","山形県","福島県","茨城県","栃木県","群馬県","埼玉県","千葉県","東京都","神奈川県","新潟県","富山県","石川県","福井県","山梨県","長野県","岐阜県","静岡県","愛知県","三重県","滋賀県","京都府","大阪府","兵庫県","奈良県","和歌山県","鳥取県","島根県","岡山県","広島県","山口県","徳島県","香川県","愛媛県","高知県","福岡県","佐賀県","長崎県","熊本県","大分県","宮崎県","鹿児島県","沖縄県"
2018,"01週",2018-01-01,2018-01-07,80215,2176,613,920,991,817,237,1219,2843,845,1012,4317,3068,4357,3454,1037,283,375,676,603,1884,2174,3138,3760,1052,1314,1752,3982,2177,679,407,676,521,1896,2273,980,638,1093,1119,902,5699,863,1823,1970,1678,2016,2064,1842
2018,"02週",2018-01-08,2018-01-14,131194,2279,1237,1402,1680,891,582,1683,3619,1690,2310,7570,6304,9456,8324,1625,721,644,979,1335,2362,2366,5527,6322,1942,1362,2818,6553,4599,1213,956,965,717,2126,2595,1643,1002,1507,1794,1523,8574,1364,2658,2775,2390,3117,3774,2319
2018,"03週",2018-01-15,2018-01-21,257576,3646,2194,2301,3629,1413,1672,3745,6075,3139,4254,15840,13174,20612,18808,3353,1530,1376,1597,2328,4204,3753,9441,12113,4495,2221,5512,13467,10230,2247,2214,1523,1316,3609,4849,3913,1524,2378,3277,3076,17190,2716,4776,5301,4779,5013,8047,3706
2018,"04週",2018-01-22,2018-01-28,259328,6044,2869,2944,4540,2237,2332,4068,6017,3252,4637,16745,13533,22504,22124,4711,1770,1823,1707,2117,4138,3319,7281,12126,4347,2199,5613,12915,10068,2582,2229,1300,1337,3433,4636,3651,1428,1892,3049,2575,15456,2417,3889,4444,4336,3629,5827,3238
2018,"05週",2018-01-29,2018-02-04,269230,10111,3537,3704,5145,2401,2394,4422,6154,3172,4800,17550,13691,22104,23204,5017,1960,2424,1689,2218,4419,3338,6681,12207,4196,2300,6178,13720,9971,2450,2462,1174,1386,3588,4921,4235,1494,1763,2982,3177,13986,2321,3810,4405,4471,3305,6009,2584
2018,"06週",2018-02-05,2018-02-11,225402,12470,2946,3386,4582,2282,1939,3790,4834,2697,3502,13100,10739,16376,16563,4085,1901,1949,959,1893,4053,2797,5263,9591,3194,2428,5461,11668,8706,1843,2164,1325,1260,3554,4099,4272,1519,1536,2747,3248,10572,1882,3261,3971,3496,3334,5269,2896
2018,"07週",2018-02-12,2018-02-18,147124,8466,1789,2150,2996,1579,1174,2627,3601,1675,2519,7306,6173,9137,8725,2491,1380,972,463,1204,2833,2282,3477,6351,2208,1812,3733,7951,5757,1439,1445,949,968,2944,3094,2670,1220,1142,2386,2199,6489,1225,2182,2508,2199,2518,3486,3230
2018,"08週",2018-02-19,2018-02-25,112312,7043,1471,1695,2459,1350,1012,1939,2615,1422,1979,5374,4733,6963,6515,2185,1220,1067,502,955,2228,1509,2920,5056,1776,1338,2782,6193,4572,1122,1025,853,633,2230,2319,1844,988,1017,1771,1549,4045,850,1504,1520,1314,1839,2513,2503
2018,"09週",2018-02-26,2018-03-04,86309,6069,1138,1528,2265,1376,1001,1686,2114,1191,1672,3725,3263,4988,4825,2012,1227,1103,618,783,2127,1256,2370,4128,1253,906,2240,4611,3176,781,698,554,531,1814,1730,1203,802,827,1400,1115,2734,642,1030,1016,798,1095,1443,1445
2018,"10週",2018-03-05,2018-03-11,59638,4304,1072,1222,1819,1300,833,1323,1303,838,1141,2148,2091,3272,3027,1766,932,946,678,532,1569,1038,1730,2862,880,628,1359,3086,2132,519,396,363,438,1165,1145,828,504,547,885,653,1782,371,652,622,499,529,788,1121
2018,"11週",2018-03-12,2018-03-18,42837,3254,984,1057,1245,1185,677,1055,872,562,716,1511,1371,2185,2019,1656,801,779,566,372,1158,683,1055,2048,564,412,944,1885,1426,323,254,280,296,814,939,483,305,580,731,384,1256,272,407,403,330,365,508,865
2018,"12週",2018-03-19,2018-03-25,26499,2304,770,892,742,942,539,776,499,316,406,853,692,1204,967,1239,568,577,456,179,723,433,479,1148,303,261,532,962,843,151,129,232,232,465,541,291,180,354,431,214,704,142,254,227,160,237,308,642
2018,"13週",2018-03-26,2018-04-01,16791,1501,553,624,528,580,486,616,233,227,225,488,412,788,571,1161,388,353,248,131,410,210,239,620,138,107,268,580,442,115,62,142,110,305,348,173,95,202,225,110,465,113,180,150,109,126,168,466
2018,"14週",2018-04-02,2018-04-08,9848,1072,384,430,291,339,341,470,141,111,101,277,182,452,311,723,200,224,135,87,291,116,130,342,76,44,146,262,245,70,24,86,58,131,188,81,55,91,144,41,218,50,108,85,101,58,67,269
2018,"15週",2018-04-09,2018-04-15,8222,1028,458,423,263,329,301,483,83,89,76,169,137,358,175,624,130,167,98,80,278,109,105,232,40,27,97,219,131,48,14,97,25,67,123,114,23,82,67,32,154,47,102,46,62,78,62,270
2018,"16週",2018-04-16,2018-04-22,8715,1060,393,526,316,312,310,513,110,75,105,212,165,374,237,564,107,177,100,134,302,147,159,240,42,35,69,199,202,20,17,93,35,66,86,155,32,55,51,24,176,74,76,65,135,116,64,190
2018,"17週",2018-04-23,2018-04-29,6072,693,241,455,252,212,188,296,42,48,82,177,111,299,200,301,75,99,69,66,172,48,92,166,28,68,66,130,156,18,8,76,24,48,74,80,29,51,50,6,156,76,70,65,64,114,64,167
2018,"18週",2018-04-30,2018-05-06,3019,368,157,281,78,201,64,148,21,8,30,85,41,96,70,111,52,71,28,11,64,47,28,56,17,27,29,47,68,6,1,34,19,15,41,32,15,29,55,5,126,44,24,60,22,42,19,126
2018,"19週",2018-05-07,2018-05-13,2084,235,83,115,50,62,39,84,37,9,13,45,41,93,61,79,20,27,34,9,25,22,39,29,10,19,38,40,48,12,7,47,20,27,41,41,52,16,29,5,104,34,28,47,19,40,12,97
2018,"20週",2018-05-14,2018-05-20,1960,228,44,97,51,55,25,86,21,35,12,27,51,74,72,43,12,61,28,17,39,19,18,47,26,15,29,30,40,3,4,55,12,16,21,14,62,23,33,5,129,30,39,36,3,46,30,97
2018,"21週",2018-05-21,2018-05-27,1316,155,13,36,29,23,16,66,27,18,5,29,18,66,57,15,4,49,14,8,16,21,10,31,40,6,11,49,24,5,3,25,19,4,14,5,10,4,18,12,103,11,40,36,0,21,30,100
2018,"22週",2018-05-28,2018-06-03,934,59,9,5,17,22,6,30,15,12,4,37,27,63,44,7,10,27,23,3,13,10,2,11,24,6,7,11,17,0,1,15,31,9,21,1,14,1,8,5,58,16,19,27,8,9,37,133
2018,"23週",2018-06-04,2018-06-10,573,23,8,3,2,3,3,15,14,7,0,10,19,50,36,11,15,6,7,0,3,5,11,14,1,4,6,15,14,1,2,5,7,0,6,2,0,1,3,1,27,4,4,18,9,2,29,147
2018,"24週",2018-06-11,2018-06-17,413,21,2,0,0,1,0,7,23,3,2,7,27,29,8,4,3,3,2,0,1,1,1,15,3,1,0,10,3,1,1,0,3,1,0,2,0,0,0,0,38,2,3,12,21,17,36,99
2018,"25週",2018-06-18,2018-06-24,436,19,0,0,7,1,0,22,41,5,0,12,5,35,16,1,6,0,2,0,1,1,2,12,2,0,0,6,0,3,0,0,2,9,3,2,1,0,0,1,34,0,1,4,12,20,29,119
2018,"26週",2018-06-25,2018-07-01,434,6,0,0,16,0,0,53,34,4,0,2,13,13,17,0,1,0,0,0,8,1,1,10,4,0,2,3,6,0,0,0,12,2,0,1,0,0,3,0,8,20,1,15,18,35,35,90
2018,"27週",2018-07-02,2018-07-08,431,4,1,0,7,0,0,49,22,6,0,3,24,28,6,0,2,2,0,0,3,2,1,8,8,2,0,5,0,0,0,1,0,0,0,43,0,0,3,0,4,15,0,3,2,14,38,125
2018,"28週",2018-07-09,2018-07-15,366,4,1,0,3,0,0,34,21,2,1,9,14,22,7,0,6,2,0,2,0,2,0,11,0,2,7,6,1,0,1,10,5,0,0,9,0,0,0,0,3,5,2,1,2,10,28,133
2018,"29週",2018-07-16,2018-07-22,276,0,0,1,1,0,0,17,3,0,0,14,5,6,4,0,5,0,0,0,1,2,2,8,1,0,7,5,0,1,0,1,2,0,4,0,0,0,0,0,6,13,7,0,0,6,38,116
2018,"30週",2018-07-23,2018-07-29,267,1,0,1,0,0,0,13,7,6,0,11,3,8,5,0,0,0,0,0,0,0,6,8,26,0,3,4,0,0,0,2,2,0,10,2,0,4,1,0,0,4,3,0,0,9,30,98
2018,"31週",2018-07-30,2018-08-05,265,2,0,0,0,0,0,5,9,3,1,5,3,10,13,0,0,0,0,0,0,0,6,26,8,0,1,10,0,0,0,1,1,0,25,0,0,1,0,0,15,1,0,4,0,6,11,98
2018,"32週",2018-08-06,2018-08-12,206,0,0,0,2,1,0,1,2,0,0,1,1,9,15,0,0,0,1,0,0,1,4,8,7,0,0,13,1,0,0,1,2,0,22,2,0,4,0,0,8,0,0,1,2,1,7,89
2018,"33週",2018-08-13,2018-08-19,194,0,1,1,4,2,0,0,2,2,0,0,2,12,8,0,0,0,3,0,0,0,8,8,0,0,1,5,0,0,0,6,0,0,9,0,3,1,0,0,4,7,0,2,2,0,4,97
2018,"34週",2018-08-20,2018-08-26,168,4,0,0,0,0,0,1,5,3,0,0,2,4,6,6,0,0,0,2,0,0,7,6,1,0,1,5,3,0,0,0,0,0,1,0,1,1,0,1,2,4,0,1,13,4,1,83
2018,"35週",2018-08-27,2018-09-02,272,10,0,0,0,0,0,2,4,10,1,5,2,10,7,0,0,1,1,0,0,0,9,13,1,0,0,12,2,11,0,0,0,17,1,16,0,0,0,0,4,13,0,9,38,3,5,65
2018,"36週",2018-09-03,2018-09-09,348,0,0,0,1,0,1,5,11,10,0,8,4,34,31,4,7,0,3,0,1,0,14,24,4,0,0,15,5,2,9,0,0,13,1,0,0,0,11,8,22,20,4,7,19,0,11,39
2018,"37週",2018-09-10,2018-09-16,657,1,0,0,2,1,4,7,5,3,2,28,22,87,71,1,0,2,3,1,3,4,14,89,5,0,11,47,29,0,14,1,0,6,6,3,1,0,32,10,11,20,5,4,19,3,3,77
2018,"38週",2018-09-17,2018-09-23,673,2,0,1,4,0,3,4,22,3,0,15,18,79,62,2,0,1,1,2,3,8,2,91,1,4,14,40,11,5,6,2,2,6,2,1,1,2,41,8,19,0,3,14,4,6,11,147
2018,"39週",2018-09-24,2018-09-30,805,2,0,10,6,2,3,18,14,8,0,44,38,71,63,1,6,0,0,1,2,13,6,68,2,7,6,45,15,2,1,1,0,3,15,1,0,0,8,3,32,2,8,28,7,4,23,216
2018,"40週",2018-10-01,2018-10-07,859,4,5,7,23,1,5,18,9,7,1,35,51,100,85,18,4,8,0,1,1,12,12,57,18,5,10,66,9,9,1,0,14,1,20,6,0,0,11,1,23,0,4,18,11,0,5,163
2018,"41週",2018-10-08,2018-10-14,627,18,6,2,29,0,11,6,11,2,1,18,53,42,58,3,0,20,0,3,6,10,12,18,17,6,6,69,13,2,0,1,10,4,17,2,0,2,2,1,31,2,0,28,4,1,1,79
2018,"42週",2018-10-15,2018-10-21,957,81,16,6,11,0,26,4,14,2,0,35,50,56,55,3,0,24,0,1,2,11,22,28,97,6,17,99,21,4,4,2,8,14,24,3,0,4,10,0,14,0,4,38,5,0,8,128
2018,"43週",2018-10-22,2018-10-28,965,96,10,10,6,0,12,3,17,0,2,47,41,67,32,2,9,14,2,9,2,11,28,26,81,3,9,90,15,27,1,1,3,13,14,10,0,11,18,0,51,0,1,36,3,0,10,122
2018,"44週",2018-10-29,2018-11-04,1030,42,9,2,13,0,18,8,23,5,2,77,39,83,45,1,7,4,5,9,4,30,18,32,80,5,14,106,13,17,0,2,13,14,18,24,1,24,15,0,60,1,2,36,2,2,33,72
2018,"45週",2018-11-05,2018-11-11,1711,37,35,13,51,0,18,9,55,17,0,158,100,186,49,2,10,11,4,7,3,26,16,68,103,15,25,182,40,45,22,11,25,25,35,15,1,30,5,1,95,3,3,37,3,1,35,79
2018,"46週",2018-11-12,2018-11-18,1898,81,30,9,51,0,13,5,46,14,4,186,106,251,117,9,2,7,9,10,13,34,32,101,79,8,22,121,54,39,18,10,8,19,43,20,4,29,6,2,99,8,10,38,5,8,57,61
2018,"47週",2018-11-19,2018-11-25,2578,141,77,18,36,3,1,16,80,9,9,217,104,208,190,31,30,11,22,5,36,33,56,142,96,16,45,173,92,43,25,17,8,33,59,17,5,39,7,0,148,8,46,37,5,15,109,60
2018,"48週",2018-11-26,2018-12-02,4605,269,111,14,19,22,4,45,100,14,63,308,178,392,269,82,74,57,29,7,79,71,66,274,131,25,71,379,237,98,126,8,13,60,103,26,6,97,11,10,220,30,41,69,34,18,153,92
2018,"49週",2018-12-03,2018-12-09,8450,889,108,29,62,61,33,59,145,26,81,406,522,654,592,199,110,95,36,21,111,126,92,669,172,27,77,718,404,60,142,10,29,98,104,56,9,188,35,34,418,29,85,161,107,32,254,75
2018,"50週",2018-12-10,2018-12-16,16630,2141,112,93,97,114,158,77,264,58,227,733,813,1117,1217,335,182,138,91,95,253,301,196,1640,363,100,132,1165,760,286,176,26,23,126,168,100,31,335,103,55,822,45,154,310,264,68,392,174
2018,"51週",2018-12-17,2018-12-23,39898,5136,132,180,278,202,253,169,675,177,462,1865,1871,3233,2916,435,394,378,181,191,555,804,734,4609,877,193,474,2830,1414,578,253,105,65,292,338,237,90,402,214,236,1819,164,538,888,421,242,1025,373
2018,"52週",2018-12-24,2018-12-30,54517,7152,220,310,327,415,273,365,1019,432,661,2506,1925,4507,3632,522,354,473,299,304,1112,1769,1283,5937,985,519,933,3337,1906,531,363,138,146,476,427,286,173,364,332,539,2691,311,733,1162,563,345,904,556
2019,"01週",2018-12-31,2019-01-06,78399,7280,434,851,587,941,301,1123,2478,566,1014,3193,2378,3156,2762,833,287,607,526,463,1617,4224,2455,9059,1173,1231,1810,4429,1961,406,402,296,336,730,1061,633,343,545,478,1445,5225,599,1358,1757,934,787,1670,1655
2019,"02週",2019-01-07,2019-01-13,191756,8391,809,1755,2779,938,928,2678,4784,2237,3367,10618,8719,13064,13253,2801,1130,1420,1438,1580,3817,4756,7258,14704,2891,2069,4437,11137,7036,1730,1596,730,552,2280,2897,2266,944,1218,1736,2409,10681,1801,3406,4703,2197,2577,4815,2424
2019,"03週",2019-01-14,2019-01-20,268220,7421,1568,2602,4462,1515,1583,4537,8166,3989,5180,17857,13632,21850,20664,4807,2013,2701,2298,1997,5054,5403,9649,15989,3529,3022,6453,14007,10376,2097,2009,1202,1032,3808,4473,2836,1370,1741,2924,3168,13682,2081,3876,4504,3511,3187,5223,3172
2019,"04週",2019-01-21,2019-01-27,284036,8155,2430,3062,6632,2530,2349,5245,7698,5092,5106,21527,15477,26635,24743,6993,2351,3070,1989,2191,5631,3736,7746,12077,3650,2363,6355,14493,10529,2283,1874,1285,1284,3995,5022,3235,1575,1969,2393,2449,12584,1923,3900,3831,3796,3210,4725,2848
2019,"05週",2019-01-28,2019-02-03,214762,8023,2041,2577,5583,1938,1960,4265,5737,3899,3936,16881,12060,18926,18725,5626,1768,2483,1387,1977,3965,2398,5327,7439,2279,1930,4754,10457,7081,1947,1308,1083,1196,3135,4054,2622,1474,1749,1851,1805,8557,1294,2742,2372,3024,2760,3633,2734
2019,"06週",2019-02-04,2019-02-10,130639,5701,1544,1820,3133,1310,1417,2646,3186,2306,2399,9820,6301,10421,10441,3190,976,1561,820,1235,2418,1388,3237,4415,1381,1233,2820,6512,4280,1121,817,677,876,1934,2997,1833,936,1252,1480,1066,5457,691,1768,1588,2037,1790,2349,2059
2019,"07週",2019-02-11,2019-02-17,61987,3472,962,1090,1472,765,788,1777,1469,1039,1221,3993,2545,4281,3796,1749,513,805,529,549,1327,764,1321,2130,594,665,1307,2803,1726,461,323,346,519,1046,1559,894,370,622,846,500,2717,356,829,709,1118,1007,965,1348
2019,"08週",2019-02-18,2019-02-24,44671,2334,786,808,1292,678,783,1401,932,741,819,2547,1737,2739,2676,1388,541,602,408,428,1024,557,979,1434,404,325,919,1961,1290,329,194,361,328,756,1130,777,283,424,632,383,1842,271,901,645,708,816,590,768
2019,"09週",2019-02-25,2019-03-03,29415,1847,678,605,858,472,558,1032,530,408,660,1539,1185,1434,1377,987,288,459,257,192,781,401,559,964,300,234,589,1381,806,251,104,234,214,559,764,513,181,318,533,187,1149,160,535,342,491,516,419,564
2019,"10週",2019-03-04,2019-03-10,20487,1359,571,442,734,491,425,730,299,307,463,1012,690,920,766,710,163,332,226,95,585,251,311,597,196,111,388,964,582,152,86,204,285,352,587,482,108,258,369,86,776,95,418,244,336,326,248,355
2019,"11週",2019-03-11,2019-03-17,14502,1022,726,350,558,443,300,489,143,170,291,546,368,525,495,470,111,208,232,54,374,162,179,450,122,62,318,559,377,136,52,174,166,179,381,372,95,246,225,51,610,140,346,198,248,264,178,337
2019,"12週",2019-03-18,2019-03-24,12334,782,618,277,513,521,218,357,127,178,160,439,286,406,370,425,111,156,155,55,247,166,158,567,93,52,264,504,355,83,46,142,159,139,368,236,63,232,201,20,514,140,339,170,212,274,134,302
2019,"13週",2019-03-25,2019-03-31,8585,478,346,149,323,351,192,265,109,103,178,417,201,345,277,353,88,146,77,44,148,84,130,373,61,38,195,350,186,58,22,65,62,110,214,109,48,173,200,11,313,96,230,156,130,179,125,277
2019,"14週",2019-04-01,2019-04-07,7248,364,326,138,230,432,149,279,106,73,121,277,180,439,287,298,69,104,96,47,155,91,148,272,84,48,146,287,167,47,11,57,66,79,169,83,55,115,129,25,192,62,170,90,85,118,78,204
2019,"15週",2019-04-08,2019-04-14,8294,326,277,175,290,383,151,290,149,139,126,370,238,555,363,258,81,158,63,31,212,146,201,362,91,96,169,329,207,54,13,76,80,74,196,73,32,106,125,20,321,86,177,103,83,107,101,231
2019,"16週",2019-04-15,2019-04-21,12621,505,217,219,315,339,253,452,241,130,314,766,509,1339,712,313,113,173,91,107,305,151,407,548,149,141,375,644,338,107,51,117,104,120,212,141,98,103,188,23,246,106,184,91,100,97,148,219
2019,"17週",2019-04-22,2019-04-28,10767,401,200,281,199,333,133,402,117,105,141,713,380,1191,606,260,68,112,73,159,306,120,255,530,171,89,332,762,388,110,52,82,50,91,134,145,44,63,158,19,183,60,123,69,64,71,161,261
2019,"18週",2019-04-29,2019-05-05,4759,354,117,180,69,249,38,256,107,51,36,210,139,229,125,48,18,41,55,19,108,128,86,253,44,80,164,266,95,10,8,45,53,66,95,28,28,12,38,21,125,16,63,41,73,27,38,407
2019,"19週",2019-05-06,2019-05-12,3650,146,71,123,89,97,29,143,73,31,43,175,110,337,199,61,30,37,27,9,103,90,63,193,40,31,113,192,161,22,10,38,13,53,45,29,18,18,75,23,58,30,23,24,34,15,39,267
2019,"20週",2019-05-13,2019-05-19,4563,221,76,115,113,59,76,232,86,44,49,239,160,361,260,101,18,68,44,11,132,118,82,277,62,20,164,215,177,32,18,44,31,51,31,29,21,35,70,11,140,37,47,28,28,24,48,258
2019,"21週",2019-05-20,2019-05-26,3095,125,34,51,85,61,56,116,56,30,24,112,147,218,174,32,14,41,25,13,72,108,60,202,45,24,76,206,118,23,4,22,11,31,18,13,19,24,40,13,93,15,50,28,16,30,43,277
2019,"22週",2019-05-27,2019-06-02,2442,81,36,13,41,42,33,60,39,40,9,91,171,143,100,21,16,20,25,2,39,113,34,118,21,20,104,192,99,10,4,29,9,11,2,7,9,17,19,7,93,7,56,36,6,41,37,319
2019,"23週",2019-06-03,2019-06-09,1715,29,30,6,13,28,18,80,9,15,4,72,69,110,56,4,30,31,5,9,15,86,26,73,25,19,84,130,65,14,1,1,5,1,6,6,11,4,10,1,84,7,20,10,8,11,13,361
2019,"24週",2019-06-10,2019-06-16,1240,41,9,7,6,8,10,39,4,10,3,25,35,87,38,10,13,20,1,4,7,43,32,55,22,17,28,96,47,7,0,0,0,6,2,1,3,3,2,4,58,11,4,2,5,3,15,397
2019,"25週",2019-06-17,2019-06-23,977,49,10,10,9,4,4,26,12,3,3,27,28,67,35,5,4,6,0,0,6,17,26,35,9,29,17,32,27,1,1,0,0,2,1,0,0,0,6,0,42,2,1,1,1,3,1,415
2019,"26週",2019-06-24,2019-06-30,898,26,12,8,4,2,0,12,9,0,7,54,15,31,52,1,3,3,6,0,0,30,10,13,6,26,22,35,12,0,0,0,0,3,0,0,0,0,11,0,20,9,7,3,0,2,7,437
2019,"27週",2019-07-01,2019-07-07,861,10,1,1,1,2,0,10,1,1,4,22,10,24,58,3,9,1,6,0,3,22,5,21,2,10,28,21,20,6,1,0,1,4,3,0,0,0,13,0,36,8,12,0,4,3,2,472
2019,"28週",2019-07-08,2019-07-14,923,5,3,3,2,4,1,5,6,0,1,45,4,36,88,17,17,1,3,0,0,7,25,14,2,5,3,13,14,2,0,0,1,1,0,6,2,0,8,0,41,2,7,2,3,1,0,523
2019,"29週",2019-07-15,2019-07-21,920,5,2,1,2,1,0,7,2,3,3,15,12,36,63,25,17,6,0,1,0,6,7,16,5,3,6,26,19,0,0,0,0,2,0,0,1,0,22,0,30,0,19,0,5,10,2,540
2019,"30週",2019-07-22,2019-07-28,782,12,3,1,7,0,4,18,0,0,1,19,10,36,62,37,6,7,0,3,0,2,4,10,0,4,8,16,2,1,0,0,0,3,2,20,0,0,23,0,32,5,13,2,0,12,5,392
2019,"31週",2019-07-29,2019-08-04,947,8,1,3,1,0,18,14,4,0,6,17,26,55,77,12,0,1,0,5,0,4,8,7,6,4,15,17,2,0,0,0,2,0,11,12,0,1,26,0,23,0,3,3,2,12,14,527
2019,"32週",2019-08-05,2019-08-11,1078,6,4,9,4,0,4,28,1,1,2,9,18,50,70,2,5,1,0,18,3,3,19,20,5,7,12,23,9,1,0,0,1,1,26,7,1,1,12,0,46,3,2,4,3,9,9,619
2019,"33週",2019-08-12,2019-08-18,1077,6,4,12,1,1,4,23,14,5,1,10,10,61,26,10,1,4,1,7,2,4,10,12,6,1,15,14,6,2,3,1,1,1,10,4,0,0,23,0,15,3,4,5,12,4,7,711
2019,"34週",2019-08-19,2019-08-25,1154,1,2,1,2,2,1,11,7,5,2,19,21,51,34,7,4,2,0,4,4,4,8,9,27,1,8,14,7,0,0,0,0,6,11,13,0,0,8,0,30,6,5,4,27,9,11,766
2019,"35週",2019-08-26,2019-09-01,1930,5,4,1,14,0,5,10,13,5,9,107,64,100,58,23,8,9,3,1,10,2,12,9,4,4,13,25,13,2,27,3,0,1,16,19,0,3,18,1,38,3,4,16,16,32,22,1178
2019,"36週",2019-09-02,2019-09-08,3842,2,24,0,39,1,0,25,21,2,27,143,171,202,121,38,13,35,4,28,18,17,91,40,24,3,63,81,62,15,30,10,0,11,27,48,1,12,16,2,116,13,59,14,34,69,67,2003
2019,"37週",2019-09-09,2019-09-15,5791,28,2,52,54,7,10,38,34,3,44,196,198,387,130,34,9,58,29,40,9,23,63,158,31,9,82,105,98,10,15,10,3,8,18,38,0,31,41,23,239,61,182,7,91,58,96,2929
2019,"38週",2019-09-16,2019-09-22,5724,27,8,25,51,11,11,26,45,11,11,99,137,437,156,18,15,69,17,38,6,11,19,136,54,11,74,116,54,15,7,9,0,36,22,41,6,15,52,50,317,79,80,12,60,96,99,3035
2019,"39週",2019-09-23,2019-09-29,4557,42,3,18,52,23,16,54,71,7,2,104,91,402,173,33,12,64,7,33,20,20,45,100,45,6,63,90,38,21,1,4,7,32,21,40,5,19,31,42,234,66,45,37,79,51,199,1989
2019,"40週",2019-09-30,2019-10-06,4900,141,2,31,38,27,22,59,50,14,8,97,139,435,305,95,32,67,15,37,10,14,60,79,78,18,59,93,27,12,6,6,5,17,19,52,2,3,31,21,456,67,65,66,30,76,358,1556
2019,"41週",2019-10-07,2019-10-13,4447,174,17,53,35,10,8,91,54,14,10,123,138,411,280,140,21,51,21,14,9,19,62,133,34,13,112,65,52,7,11,6,1,17,44,38,7,3,65,8,355,108,59,47,34,52,375,1046
2019,"42週",2019-10-14,2019-10-20,3558,258,8,79,26,16,11,70,57,18,15,96,96,243,285,106,35,42,14,27,9,23,45,86,16,10,60,70,31,16,1,2,26,10,112,19,2,4,38,4,234,67,60,72,27,36,198,778
2019,"43週",2019-10-21,2019-10-27,3954,389,21,92,40,21,9,63,82,27,12,118,168,284,336,156,30,44,6,43,18,19,80,124,9,19,44,77,33,16,4,3,23,22,156,34,7,18,33,6,288,39,45,90,41,108,153,504
2019,"44週",2019-10-28,2019-11-03,4708,398,103,84,74,10,22,83,81,52,20,161,200,461,427,102,22,26,7,18,35,23,160,114,16,6,48,115,48,19,7,2,12,16,164,46,3,19,57,8,435,55,49,117,22,99,249,413
2019,"45週",2019-11-04,2019-11-10,5090,444,161,87,75,36,37,96,135,58,26,115,208,460,394,145,23,48,25,34,45,60,154,156,8,14,48,139,49,31,13,2,14,29,199,63,14,12,53,15,402,52,162,144,25,77,245,258
2019,"46週",2019-11-11,2019-11-17,9129,1026,191,123,203,198,109,174,166,77,79,269,427,828,936,193,144,146,57,32,113,145,159,374,24,21,91,254,84,48,37,2,13,47,332,106,23,18,63,7,639,53,254,209,25,120,341,149
2019,"47週",2019-11-18,2019-11-24,15438,2232,525,151,483,216,236,350,301,107,109,575,485,1229,1404,316,238,290,55,61,214,203,226,637,63,96,207,363,312,78,74,12,19,97,580,195,33,25,68,25,961,91,289,328,118,175,399,187
2019,"48週",2019-11-25,2019-12-01,27664,3878,1006,278,868,246,283,688,554,223,196,1502,971,2550,2588,580,500,505,122,95,354,264,393,1069,191,268,353,598,637,112,172,41,66,147,945,518,42,60,143,49,1275,143,398,529,232,309,500,223
2019,"49週",2019-12-02,2019-12-08,47325,5571,1422,519,1789,573,354,1063,1026,466,275,2894,1848,4293,4666,1212,927,604,135,213,789,455,650,1943,453,521,833,1171,946,203,162,104,241,387,1559,1061,213,68,262,100,1955,241,402,809,620,407,663,257
2019,"50週",2019-12-09,2019-12-15,77541,6579,1569,752,2509,880,742,1611,1795,943,689,5376,3559,7019,6882,1718,1154,780,251,439,1571,776,1291,3223,920,799,1568,2500,2008,365,222,225,639,685,2178,2140,357,256,490,257,3135,486,878,1550,1137,873,1434,331
2019,"51週",2019-12-16,2019-12-22,105486,5808,1464,1204,2989,1241,1216,2172,2359,1682,1237,7630,5323,9340,8425,2209,1290,981,464,645,2314,1444,1887,5372,1458,972,2149,4120,3237,679,354,523,845,1112,2613,2778,575,547,735,511,4303,628,1197,2067,1677,1132,2151,427
2019,"52週",2019-12-23,2019-12-29,115002,5486,1159,1456,2650,1815,1393,2141,2575,1951,1967,7209,5725,9595,7956,2147,987,1202,727,873,2538,1559,2440,5839,1872,1007,2431,5317,4482,812,540,801,873,1969,2233,2572,602,764,1195,755,4665,940,1432,2083,1785,1473,2361,648
2020,"01週",2019-12-30,2020-01-05,64864,3884,1014,966,809,2441,317,1903,2997,707,1102,2761,1886,1787,1208,780,218,678,617,298,1890,3385,1400,4501,885,1214,1660,3348,1636,165,232,763,894,1280,1246,696,309,664,774,939,3001,613,1233,1103,1170,1001,1187,1302
2020,"02週",2020-01-06,2020-01-12,90915,2374,816,1092,1548,1069,688,1762,2301,1373,1884,4919,4513,6000,5141,1434,594,724,736,845,1712,1615,2880,5093,1460,992,2113,5689,3841,1052,827,545,541,2017,1746,996,599,874,1250,949,4654,1007,1469,1279,1014,1454,2182,1252
2020,"03週",2020-01-13,2020-01-19,83238,1680,650,929,1179,843,657,1508,1956,1069,1816,4427,4055,4889,4038,1362,560,628,955,635,1515,1708,2979,4692,1148,1031,2098,5569,3302,771,862,522,509,1899,1495,858,586,1006,1375,1276,4681,803,1741,1034,1306,1380,2036,1220
2020,"04週",2020-01-20,2020-01-26,89579,1963,621,1218,1337,752,706,1509,1571,1046,1729,4335,4181,5586,5270,1874,627,755,895,765,1542,1400,3095,4903,1384,1032,2150,6358,3710,945,847,474,487,1902,1743,906,605,807,1436,1624,4671,1073,2001,1182,1542,1803,2179,1038
2020,"05週",2020-01-27,2020-02-02,70130,2364,522,1109,980,644,657,1309,1126,812,1362,3805,3436,4653,4441,1645,480,671,569,580,1283,879,2167,3854,1086,783,1551,5078,3113,796,570,339,362,1416,1238,729,405,597,1038,1019,3221,718,1330,897,998,1160,1556,782
2020,"06週",2020-02-03,2020-02-09,44944,2856,305,731,578,361,376,788,648,381,1025,2426,2239,2830,2729,977,256,436,386,398,964,541,1323,2227,634,542,1170,3480,2130,467,339,191,208,942,778,468,216,308,718,519,1759,287,814,508,406,614,930,735
2020,"07週",2020-02-10,2020-02-16,37214,3620,205,648,430,256,243,592,448,215,737,2113,1674,2480,2002,727,178,583,329,272,714,597,974,1976,466,532,1130,3493,1896,475,239,137,179,695,755,282,159,249,479,355,1118,147,399,268,260,387,506,595
2020,"08週",2020-02-17,2020-02-23,30681,3883,168,583,341,190,132,428,267,138,578,1785,1189,2085,1887,565,169,624,168,167,547,494,524,1717,536,403,902,3321,1645,458,157,65,121,577,526,143,90,175,402,199,733,66,325,154,116,211,277,450
2020,"09週",2020-02-24,2020-03-01,23645,3053,177,502,166,191,109,246,206,83,365,1246,857,1490,1458,318,116,498,127,154,426,388,307,1477,411,271,885,2965,1341,369,130,25,112,549,454,154,69,135,256,123,447,46,216,90,58,107,134,338
2020,"10週",2020-03-02,2020-03-08,15544,854,206,585,161,171,151,102,143,53,271,903,526,968,1049,137,127,333,84,129,327,221,195,907,258,200,739,2197,1042,278,70,28,62,379,271,142,42,97,191,56,288,24,171,43,27,59,81,196
2020,"11週",2020-03-09,2020-03-15,6390,221,177,372,108,109,80,41,61,27,89,365,172,372,351,29,72,139,48,49,118,123,63,288,138,77,315,760,399,100,30,35,32,188,158,70,9,51,139,23,125,16,71,25,8,14,46,87
2020,"12週",2020-03-16,2020-03-22,2670,103,142,115,54,49,27,22,12,17,40,108,41,144,79,14,58,77,30,29,56,58,22,114,49,36,145,306,144,25,9,11,15,129,86,25,0,25,35,4,55,13,42,21,1,12,12,59
2020,"13週",2020-03-23,2020-03-29,1341,54,81,58,32,30,7,12,4,5,29,62,18,73,32,16,63,23,14,5,14,29,6,65,24,8,76,157,67,12,3,1,13,82,23,3,0,9,11,6,33,1,21,4,0,5,6,44
2020,"14週",2020-03-30,2020-04-05,750,31,64,38,16,8,9,8,4,5,3,38,17,13,17,2,23,14,12,1,4,14,7,39,9,11,46,92,39,10,0,12,11,38,6,4,1,9,4,3,18,0,14,5,0,7,6,18
2020,"15週",2020-04-06,2020-04-12,431,7,77,51,7,4,2,0,2,1,6,12,7,14,14,0,9,6,3,0,0,14,3,22,1,6,19,41,16,1,7,4,3,21,4,0,1,8,5,0,5,2,9,2,0,0,0,15
2020,"16週",2020-04-13,2020-04-19,235,21,28,57,0,11,2,2,2,0,3,4,4,0,3,1,12,0,2,0,1,10,0,11,2,1,7,10,6,2,0,4,0,8,2,1,1,1,0,1,3,0,0,0,0,2,1,9
2020,"17週",2020-04-20,2020-04-26,119,9,23,33,1,2,1,1,0,2,0,0,6,2,1,0,0,0,0,0,3,1,1,1,1,0,3,2,6,2,0,2,0,1,0,0,0,0,4,0,2,0,0,0,0,0,3,6
2020,"18週",2020-04-27,2020-05-03,65,3,14,17,0,1,0,1,0,0,0,1,3,0,0,1,0,0,0,0,0,0,2,0,0,1,4,1,3,0,0,1,0,0,0,1,0,0,1,0,4,0,1,0,0,0,1,4
2020,"19週",2020-05-04,2020-05-10,24,4,7,2,0,0,0,1,0,0,0,0,1,0,0,0,0,0,0,1,0,1,0,0,0,0,1,1,0,0,0,0,0,0,0,0,0,0,1,0,3,0,0,0,0,0,0,1
2020,"20週",2020-05-11,2020-05-17,15,2,0,0,0,0,0,0,0,1,0,0,1,0,0,0,0,0,0,0,0,0,2,1,0,1,0,2,3,0,0,0,0,0,0,0,0,2,0,0,0,0,0,0,0,0,0,0
2020,"21週",2020-05-18,2020-05-24,14,2,1,0,0,0,0,0,1,0,0,0,0,1,0,0,0,0,0,0,0,1,2,0,0,0,0,2,1,0,0,0,0,0,0,0,0,0,0,0,0,0,1,2,0,0,0,0
2020,"22週",2020-05-25,2020-05-31,9,0,0,0,0,0,0,0,0,0,1,0,0,0,0,0,0,0,0,0,0,0,3,0,0,0,1,0,1,0,0,0,0,2,1,0,0,0,0,0,0,0,0,0,0,0,0,0
2020,"23週",2020-06-01,2020-06-07,15,1,0,1,0,0,0,1,0,5,0,0,0,0,0,0,0,0,0,0,0,0,0,0,0,0,0,3,0,0,0,0,0,0,0,0,0,1,0,0,0,0,0,0,0,0,0,3
2020,"24週",2020-06-08,2020-06-14,7,1,0,0,0,0,0,0,1,0,0,1,0,0,0,0,0,0,0,0,0,0,0,0,0,0,0,0,0,0,0,0,0,0,0,0,0,0,0,0,0,0,2,0,0,0,0,2
2020,"25週",2020-06-15,2020-06-21,6,0,0,0,0,0,0,0,0,0,0,0,0,0,0,0,0,0,0,0,0,1,0,0,0,0,1,1,0,0,0,0,0,0,0,0,0,0,0,0,0,0,0,0,0,0,1,2
2020,"26週",2020-06-22,2020-06-28,9,0,0,0,1,0,0,2,0,0,0,0,0,0,0,0,1,0,0,0,0,0,0,0,0,0,1,2,0,0,0,0,0,0,0,0,0,0,1,0,0,0,0,0,0,0,0,1
2020,"27週",2020-06-29,2020-07-05,11,1,1,0,0,0,0,0,1,0,0,3,1,0,0,0,0,0,0,0,0,0,0,0,0,1,0,1,0,0,0,0,0,0,1,0,0,0,0,0,0,0,0,0,0,0,0,1
2020,"28週",2020-07-06,2020-07-12,9,0,0,0,0,0,0,1,0,0,0,0,0,0,0,0,1,0,0,0,0,1,0,0,0,2,0,3,0,0,0,0,0,0,0,0,0,0,0,0,0,0,0,0,0,0,0,1
2020,"29週",2020-07-13,2020-07-19,3,0,0,0,0,0,0,0,0,0,0,0,0,0,0,0,0,0,0,0,0,0,0,0,0,0,0,0,1,0,0,0,0,0,0,0,0,0,1,0,0,0,0,0,0,0,0,1
2020,"30週",2020-07-20,2020-07-26,4,1,0,0,0,0,0,0,0,0,0,0,0,0,0,0,0,0,0,0,0,0,0,0,0,0,0,1,0,0,0,0,0,0,0,0,0,0,0,0,2,0,0,0,0,0,0,0
2020,"31週",2020-07-27,2020-08-02,8,0,0,0,0,0,0,0,0,0,0,1,0,0,0,0,0,0,0,0,0,0,0,0,0,0,0,0,0,0,0,0,0,0,0,0,0,0,0,0,1,0,0,0,0,0,0,6
2020,"32週",2020-08-03,2020-08-09,1,0,0,0,0,0,0,0,0,0,0,0,0,0,0,0,0,0,0,0,0,0,0,0,0,0,0,0,0,0,0,0,0,0,0,0,0,0,0,0,1,0,0,0,0,0,0,0
2020,"33週",2020-08-10,2020-08-16,6,1,0,0,0,0,0,0,0,1,0,0,0,1,0,0,0,0,0,0,0,0,0,0,0,0,0,0,1,0,0,0,0,0,0,0,0,1,0,0,0,0,0,0,0,0,0,1
2020,"34週",2020-08-17,2020-08-23,0,0,0,0,0,0,0,0,0,0,0,0,0,0,0,0,0,0,0,0,0,0,0,0,0,0,0,0,0,0,0,0,0,0,0,0,0,0,0,0,0,0,0,0,0,0,0,0
2020,"35週",2020-08-24,2020-08-30,2,0,0,0,0,0,0,0,0,1,0,0,0,0,0,0,0,0,0,0,0,0,0,0,0,0,0,1,0,0,0,0,0,0,0,0,0,0,0,0,0,0,0,0,0,0,0,0
2020,"36週",2020-08-31,2020-09-06,3,0,0,0,0,0,0,0,0,0,0,0,0,0,0,0,0,0,0,0,0,1,0,0,0,0,0,1,0,0,0,0,0,0,0,0,0,0,0,0,0,0,0,0,0,0,0,1
2020,"37週",2020-09-07,2020-09-13,2,0,0,0,0,0,0,0,0,0,0,0,0,0,0,0,0,0,0,0,0,0,0,0,0,0,1,0,1,0,0,0,0,0,0,0,0,0,0,0,0,0,0,0,0,0,0,0
2020,"38週",2020-09-14,2020-09-20,4,0,0,0,0,0,0,0,0,0,0,0,0,0,0,0,0,0,0,0,0,0,0,0,0,0,0,2,0,0,0,0,0,0,0,0,0,0,0,0,0,0,0,0,0,0,0,2
2020,"39週",2020-09-21,2020-09-27,7,1,0,0,0,0,0,0,0,0,0,0,0,0,0,1,0,0,0,0,0,0,0,0,0,0,0,0,0,0,2,0,0,0,0,0,0,0,0,1,0,0,0,0,0,0,0,2
2020,"40週",2020-09-28,2020-10-04,7,0,0,0,0,0,0,0,0,0,0,0,1,0,0,0,0,0,0,0,0,0,0,0,0,0,0,5,0,0,0,0,0,1,0,0,0,0,0,0,0,0,0,0,0,0,0,0
2020,"41週",2020-10-05,2020-10-11,17,2,0,1,0,0,0,0,0,0,0,0,1,1,0,0,0,0,0,0,0,1,0,2,0,0,1,3,1,0,0,0,0,2,0,0,0,0,0,0,0,0,0,0,0,0,1,1
2020,"42週",2020-10-12,2020-10-18,20,0,0,0,1,0,0,1,1,0,0,0,0,1,1,1,0,0,0,1,1,1,1,1,1,0,0,2,0,0,0,0,0,0,0,0,0,0,0,0,0,0,0,0,0,0,3,3
2020,"43週",2020-10-19,2020-10-25,29,1,0,0,0,2,0,3,0,0,0,0,1,2,0,0,0,0,0,0,0,2,0,1,0,0,1,1,0,0,0,0,0,5,0,0,0,0,0,0,0,0,7,0,0,0,1,2
2020,"44週",2020-10-26,2020-11-01,32,1,1,0,0,0,0,0,0,0,0,1,1,4,0,2,0,0,0,0,0,2,1,1,2,4,0,2,0,1,0,0,0,2,0,0,0,0,0,0,0,0,4,0,0,0,0,3
2020,"45週",2020-11-02,2020-11-08,23,1,1,0,0,0,0,0,0,0,0,0,4,4,1,0,0,0,0,0,0,1,0,1,0,0,0,8,0,0,0,0,0,1,0,0,0,0,0,0,0,0,1,0,0,0,0,0
2020,"46週",2020-11-09,2020-11-15,22,3,0,0,0,0,0,0,0,0,0,0,0,2,2,2,0,0,0,0,0,1,1,0,2,1,0,2,0,0,0,0,0,4,0,0,0,0,1,0,0,0,0,0,0,1,0,0
2020,"47週",2020-11-16,2020-11-22,44,2,0,0,0,0,0,0,0,2,0,5,0,5,2,2,0,0,0,0,0,0,2,0,1,2,4,4,1,0,0,0,1,3,3,0,2,0,0,0,0,0,0,0,0,0,1,2
2020,"48週",2020-11-23,2020-11-29,49,1,0,1,0,0,0,0,1,0,0,0,4,4,1,0,1,0,1,0,0,0,0,2,8,6,0,6,0,0,0,0,0,3,0,0,1,0,0,0,0,0,0,1,0,1,3,4
2020,"49週",2020-11-30,2020-12-06,63,2,0,0,0,0,0,1,0,1,1,2,3,3,1,0,1,0,0,0,0,1,2,1,16,4,0,11,1,0,0,0,3,4,0,0,0,0,0,0,0,0,2,0,0,0,3,0
2020,"50週",2020-12-07,2020-12-13,58,4,0,0,0,0,0,2,1,2,0,0,1,4,14,0,0,0,0,0,0,1,3,5,3,2,4,4,0,0,0,0,0,2,1,0,0,0,0,0,1,0,1,1,0,0,1,1
2020,"51週",2020-12-14,2020-12-20,71,0,0,0,0,0,0,2,0,1,4,1,3,3,2,1,1,0,0,0,1,2,1,4,3,0,0,12,1,0,0,0,0,7,2,2,0,0,1,0,7,0,4,0,0,0,3,3
2020,"52週",2020-12-21,2020-12-27,69,0,3,0,0,0,0,2,2,1,1,1,2,2,4,1,1,0,0,0,1,1,1,2,3,2,12,10,0,0,0,1,2,4,1,0,0,0,0,0,1,1,1,0,0,0,3,3
2020,"53週",2020-12-28,2021-01-03,69,3,0,1,0,1,0,2,0,1,0,2,3,1,5,0,1,0,0,0,2,3,0,7,9,6,1,4,0,0,0,0,0,4,3,0,0,0,0,0,3,0,3,0,1,1,1,1
2021,"01週",2021-01-04,2021-01-10,68,4,1,0,0,0,0,1,1,0,0,1,7,3,0,3,0,0,0,0,1,2,0,5,3,3,7,9,1,0,0,1,1,4,0,1,0,0,1,0,0,0,3,0,0,1,2,2
2021,"02週",2021-01-11,2021-01-17,56,3,0,1,0,0,1,2,0,0,1,3,3,4,4,1,1,0,0,0,0,1,0,3,2,1,6,6,1,0,0,0,0,5,0,0,0,1,1,0,1,0,0,2,1,0,0,1
2021,"03週",2021-01-18,2021-01-24,58,4,0,0,0,0,0,3,0,1,1,1,1,5,1,1,0,0,0,0,0,3,0,4,2,2,14,2,3,0,0,0,0,6,2,0,0,0,0,0,2,0,0,0,0,0,0,0
2021,"04週",2021-01-25,2021-01-31,58,0,1,0,0,0,3,2,3,0,0,0,3,5,0,3,0,0,0,0,1,0,1,1,1,4,10,3,2,0,0,0,3,9,2,0,0,0,0,0,0,0,0,0,0,0,1,0
2021,"05週",2021-02-01,2021-02-07,91,6,0,1,0,0,44,1,1,2,0,3,3,5,3,0,2,0,0,0,0,0,0,1,1,2,3,3,0,0,0,0,3,0,4,1,0,0,0,1,1,0,0,0,0,0,0,0
2021,"06週",2021-02-08,2021-02-14,48,5,0,0,0,0,15,3,0,0,0,2,4,0,2,0,1,0,0,0,0,2,0,1,1,1,4,2,0,0,0,0,1,0,0,1,0,0,2,0,0,0,0,0,0,0,0,1
2021,"07週",2021-02-15,2021-02-21,39,1,1,0,0,0,2,1,0,1,2,0,3,2,3,1,0,0,0,0,0,3,1,0,1,0,2,6,1,0,0,0,0,5,1,0,0,0,1,0,0,0,1,0,0,0,0,0
2021,"08週",2021-02-22,2021-02-28,46,2,1,0,0,0,0,0,1,1,0,3,1,0,2,2,1,0,0,0,2,4,2,3,0,3,7,6,1,0,0,0,0,2,0,0,0,0,0,0,0,0,0,0,0,0,0,2
2021,"09週",2021-03-01,2021-03-07,26,2,0,0,2,0,0,0,2,0,0,1,0,1,1,0,0,0,0,0,0,0,1,1,0,0,3,2,5,0,0,0,1,0,1,0,0,0,0,1,0,0,0,0,1,0,0,1
2021,"10週",2021-03-08,2021-03-14,45,7,0,0,3,0,0,1,0,0,1,1,3,2,1,2,0,0,0,0,1,1,2,3,0,3,1,3,1,0,0,0,2,2,3,0,0,0,0,0,0,0,0,0,0,0,1,1
2021,"11週",2021-03-15,2021-03-21,24,2,0,1,2,0,0,0,0,1,0,1,0,0,1,0,0,0,0,0,1,1,0,1,2,1,0,1,3,1,0,0,2,1,1,0,0,0,0,0,0,0,1,0,0,0,0,0
2021,"12週",2021-03-22,2021-03-28,26,2,0,0,1,0,0,1,0,0,0,1,0,1,0,2,0,0,0,0,0,3,0,0,0,2,1,2,1,0,0,0,1,1,1,0,2,1,2,0,1,0,0,0,0,0,0,0
2021,"13週",2021-03-29,2021-04-04,24,2,0,0,0,0,0,0,0,0,0,1,1,0,1,0,0,0,0,0,1,3,0,1,2,0,2,5,1,0,1,0,0,0,0,0,0,0,1,0,0,0,1,0,0,0,0,1
2021,"14週",2021-04-05,2021-04-11,18,2,0,0,2,0,1,0,0,0,0,1,0,1,2,0,0,0,0,0,0,1,0,2,0,1,1,0,1,0,0,0,0,0,0,0,1,0,0,0,0,0,0,0,0,0,2,0
2021,"15週",2021-04-12,2021-04-18,12,2,0,0,0,0,0,0,0,0,0,2,2,0,0,0,0,0,0,0,0,1,0,1,0,0,0,0,0,0,0,0,0,0,0,4,0,0,0,0,0,0,0,0,0,0,0,0
2021,"16週",2021-04-19,2021-04-25,17,1,0,0,0,0,0,0,1,0,0,3,0,0,0,1,0,0,0,0,0,0,0,1,0,2,0,2,1,0,0,0,0,1,1,0,0,0,0,0,0,0,0,1,0,0,0,2
2021,"17週",2021-04-26,2021-05-02,14,2,0,0,0,0,0,0,0,1,2,0,0,0,0,0,0,0,0,0,0,0,0,0,3,0,0,2,0,0,0,0,0,1,1,1,0,0,0,0,0,0,0,0,0,0,0,1
2021,"18週",2021-05-03,2021-05-09,6,2,0,0,0,0,0,0,0,0,0,0,0,0,0,0,0,0,0,0,0,0,0,1,0,0,0,1,0,0,0,2,0,0,0,0,0,0,0,0,0,0,0,0,0,0,0,0
2021,"19週",2021-05-10,2021-05-16,9,1,0,0,0,0,0,0,1,0,0,0,0,0,1,0,0,0,0,0,0,0,0,1,1,1,0,1,0,0,0,0,0,0,0,1,0,0,0,0,0,0,0,0,0,0,0,1
2021,"20週",2021-05-17,2021-05-23,8,0,0,0,0,0,0,0,0,0,0,1,0,1,0,0,0,0,0,0,0,1,0,0,1,0,0,2,2,0,0,0,0,0,0,0,0,0,0,0,0,0,0,0,0,0,0,0
2021,"21週",2021-05-24,2021-05-30,4,0,0,0,0,0,0,0,3,0,0,0,0,0,0,0,0,0,0,0,0,0,0,0,0,0,0,1,0,0,0,0,0,0,0,0,0,0,0,0,0,0,0,0,0,0,0,0
2021,"22週",2021-05-31,2021-06-06,6,0,2,0,0,0,0,0,1,0,0,0,0,0,0,0,0,0,0,0,0,0,0,0,0,0,0,2,0,0,0,0,0,1,0,0,0,0,0,0,0,0,0,0,0,0,0,0
2021,"23週",2021-06-07,2021-06-13,5,0,0,0,0,0,0,0,0,0,0,0,0,0,0,1,0,0,0,0,0,0,0,0,2,0,0,1,0,0,0,1,0,0,0,0,0,0,0,0,0,0,0,0,0,0,0,0
2021,"24週",2021-06-14,2021-06-20,3,0,0,0,0,0,0,0,1,0,0,0,0,0,0,0,0,0,0,0,0,0,0,0,0,0,0,0,0,0,0,0,0,1,0,0,0,0,0,1,0,0,0,0,0,0,0,0
2021,"25週",2021-06-21,2021-06-27,3,0,0,0,0,0,0,0,0,0,0,0,0,0,0,1,0,0,0,0,0,0,1,0,0,0,0,0,0,0,0,0,0,0,0,0,0,0,0,1,0,0,0,0,0,0,0,0
2021,"26週",2021-06-28,2021-07-04,8,2,0,0,0,0,0,0,0,0,0,0,0,0,0,0,0,0,0,0,0,0,0,0,0,0,0,5,0,0,0,0,0,0,0,0,0,0,0,0,0,1,0,0,0,0,0,0
2021,"27週",2021-07-05,2021-07-11,2,0,0,0,0,0,0,0,0,0,0,0,0,0,0,0,0,0,0,0,0,0,0,0,0,0,0,1,0,0,0,0,0,0,0,0,0,0,0,0,0,0,0,0,0,0,0,1
2021,"28週",2021-07-12,2021-07-18,1,0,0,0,0,0,0,0,0,0,0,0,0,0,0,0,0,0,0,0,0,0,0,1,0,0,0,0,0,0,0,0,0,0,0,0,0,0,0,0,0,0,0,0,0,0,0,0
2021,"29週",2021-07-19,2021-07-25,2,0,0,0,0,0,0,0,0,0,0,0,0,0,0,0,0,0,0,0,0,0,0,0,0,0,0,0,0,0,0,1,0,1,0,0,0,0,0,0,0,0,0,0,0,0,0,0
2021,"30週",2021-07-26,2021-08-01,5,1,0,0,0,0,0,0,1,0,0,1,0,1,0,0,0,0,0,0,0,0,0,0,0,1,0,0,0,0,0,0,0,0,0,0,0,0,0,0,0,0,0,0,0,0,0,0
2021,"31週",2021-08-02,2021-08-08,2,0,0,0,0,0,0,0,0,0,0,0,0,0,0,0,0,0,0,0,0,0,0,0,0,0,0,1,0,0,0,0,0,0,0,1,0,0,0,0,0,0,0,0,0,0,0,0
2021,"32週",2021-08-09,2021-08-15,0,0,0,0,0,0,0,0,0,0,0,0,0,0,0,0,0,0,0,0,0,0,0,0,0,0,0,0,0,0,0,0,0,0,0,0,0,0,0,0,0,0,0,0,0,0,0,0
2021,"33週",2021-08-16,2021-08-22,3,0,0,0,0,0,0,0,1,1,0,0,0,0,0,0,0,0,0,0,0,1,0,0,0,0,0,0,0,0,0,0,0,0,0,0,0,0,0,0,0,0,0,0,0,0,0,0
2021,"34週",2021-08-23,2021-08-29,5,0,1,0,2,0,0,0,0,1,0,0,0,0,0,0,0,0,0,0,0,0,0,0,0,0,0,0,0,0,0,0,0,0,1,0,0,0,0,0,0,0,0,0,0,0,0,0
2021,"35週",2021-08-30,2021-09-05,4,0,0,0,0,0,0,0,0,0,0,0,0,0,0,0,0,0,0,0,0,0,0,0,0,0,0,2,0,0,0,0,0,0,0,0,0,0,0,0,0,0,0,0,0,0,0,2
2021,"36週",2021-09-06,2021-09-12,0,0,0,0,0,0,0,0,0,0,0,0,0,0,0,0,0,0,0,0,0,0,0,0,0,0,0,0,0,0,0,0,0,0,0,0,0,0,0,0,0,0,0,0,0,0,0,0
2021,"37週",2021-09-13,2021-09-19,1,0,0,0,0,0,0,0,0,0,0,0,0,0,0,0,0,0,0,0,0,0,0,0,0,0,1,0,0,0,0,0,0,0,0,0,0,0,0,0,0,0,0,0,0,0,0,0
2021,"38週",2021-09-20,2021-09-26,3,0,0,0,0,0,0,0,0,0,0,0,0,1,0,0,0,0,0,0,0,1,0,0,0,0,0,0,0,0,0,0,0,0,0,0,0,0,0,0,0,0,0,0,0,1,0,0
2021,"39週",2021-09-27,2021-10-03,5,0,0,0,0,0,0,0,0,0,0,0,0,0,0,0,0,0,0,0,0,0,0,1,1,0,0,0,2,0,0,0,0,0,0,0,0,0,0,0,0,0,0,0,0,1,0,0
