県番号,都道府県,名称,郵便番号,住所,緯度,経度
13,東京都,本部,150-0046,東京都渋谷区松濤1-1-2,35.6626479,139.6946672
1,北海道,札幌,002-0855,北海道札幌市北区屯田五条9丁目1-36,43.1330098,141.3219264
1,北海道,札幌手稲西,006-0837,北海道札幌市手稲区曙7条2丁目8-41,43.1399047,141.2371174
1,北海道,札幌南,062-0054,北海道札幌市豊平区月寒東4条10丁目2-10,43.0317671,141.4101673
1,北海道,札幌創成,001-0023,北海道札幌市北区北23条西3丁目1-21 ソシアルビル2F,43.0893289,141.34511
1,北海道,旭川,070-0032,北海道旭川市二条通11丁目右1号 ツインクル2条通ビル,43.7652599,142.365135
1,北海道,札幌白石,003-0023,北海道札幌市白石区南郷通11丁目北1-20 サンホームビル3F,43.0373726,141.4194699
1,北海道,帯広,080-0026,北海道帯広市西16条南4丁目5番地,42.9132997,143.1781969
1,北海道,釧路,085-0831,北海道釧路市住吉2丁目1-3,42.9805544,144.3930956
1,北海道,苫小牧,053-0022,北海道苫小牧市表町3丁目2-3　タカオビル2F,42.6362881,141.5988916
1,北海道,岩見沢,068-0007,北海道岩見沢市7条東3丁目6-5　サンライズ2F,43.2015808,141.7721036
1,北海道,江別,067-0061,北海道江別市上江別東町10-37,43.107693,141.5567403
1,北海道,函館,040-0036,北海道函館市東雲町13-8,41.7698831,140.7301049
2,青森県,青森,038-0015,青森県青森市千刈2丁目10-1,40.8261418,140.7174397
2,青森県,十和田,034-0092,青森県十和田市元町西5丁目13-30,40.6243205,141.1984335
2,青森県,弘前,036-8094,青森県弘前市外崎1-6-3,40.5972897,140.4948714
2,青森県,八戸,031-0802,青森県八戸市小中野6丁目7-17 2F,40.5169175,141.5153108
5,秋田県,秋田,010-0951,秋田県秋田市山王6丁目18-14,39.7158823,140.0968613
5,秋田県,横手,013-0105,秋田県横手市平鹿町浅舞字福田310,39.2681509,140.4930043
3,岩手県,盛岡,020-0121,岩手県盛岡市月が丘3丁目49-50,39.7403286,141.1067701
3,岩手県,盛岡南,020-0823,岩手県盛岡市門2丁目22-41,39.6642523,141.1728979
3,岩手県,花巻,025-0002,岩手県花巻市西宮野目13-108-2,39.4206898,141.1178524
3,岩手県,一関,021-0004,岩手県一関市町浦4-15,38.9449821,141.1320515
6,山形県,山形,990-2481,山形県山形市あかねケ丘2丁目17-16,38.2471242,140.3084346
6,山形県,庄内,998-0852,山形県酒田市こがね町2-1-27,38.8991937,139.8561058
6,山形県,米沢,992-0003,山形県米沢市窪田町窪田1435-13　2F,37.9548036,140.1253044
7,福島県,郡山,963-8052,福島県郡山市八山田3-170,37.4315428,140.3722347
7,福島県,南郡山,963-8862,福島県郡山市菜根4-25-13　樽川第一ビル3F,37.3864618,140.3628418
7,福島県,福島,960-8074,福島県福島市西中央1-17-2,37.7586922,140.4327348
7,福島県,いわき,970-0101,福島県いわき市平下神谷字御城115　コスモビル,37.0705012,140.9516985
7,福島県,会津,965-0103,福島県会津若松市真宮新町南4-106,37.5218054,139.8724913
7,福島県,白河,961-0833,福島県白河市東三坂山2-47,37.1104996,140.2013096
4,宮城県,仙台,983-0803,宮城県仙台市宮城野区小田原1-6-18,38.2670255,140.8906919
4,宮城県,宮城野,983-0043,宮城県仙台市宮城野区萩野町3丁目8-12　庄司ビル301,38.257129,140.9181286
4,宮城県,仙石塩釜,985-0032,宮城県塩竈市白萩町6-23,38.3108424,141.012965
4,宮城県,石巻,986-0861,宮城県石巻市蛇田字新東前沼421-1,38.4398389,141.2721024
4,宮城県,仙南,989-1606,宮城県柴田郡柴田町大字船岡並松20番8,38.0460598,140.781105
12,千葉県,千葉,260-0028,千葉県千葉市中央区新町24-13番地,35.6099882,140.1109579
12,千葉県,千葉中央,263-0051,千葉県千葉市稲毛区園生町1108-2　ユウキビル2F,35.6398462,140.1036891
12,千葉県,若葉,264-0026,千葉県千葉市若葉区西都賀3-3-1　ヒーロービル2Ｆ,35.6356103,140.1481564
12,千葉県,船橋中央,273-0002,千葉県船橋市東船橋5丁目23-20,35.6912273,140.0053924
12,千葉県,船橋,273-0011,千葉県船橋市湊町1丁目1-17　丸加ビル3F,35.6950058,139.9847073
12,千葉県,佐倉,285-0864,千葉県佐倉市稲荷台1-11-5　小松ビル2F,35.7304324,140.1799744
12,千葉県,香取,287-0001,千葉県香取市佐原イ3915-6　有町テナント,35.8949697,140.5031931
12,千葉県,柏,277-0081,千葉県柏市富里1丁目1-56,35.8545109,139.9679819
12,千葉県,我孫子,270-1143,千葉県我孫子市天王台4-2-21　オカダビル3F,35.8724577,140.0374764
12,千葉県,松戸,271-0092,千葉県松戸市松戸1873番地　ヨコオビル2F,35.7836219,139.896995
12,千葉県,木更津,292-0823,千葉県木更津市桜井新町5-3-14,35.3638812,139.9194315
12,千葉県,八千代,276-0033,千葉県八千代市八千代台南1-19-11,35.6977113,140.0926782
12,千葉県,市原,290-0054,千葉県市原市五井中央東1-2-1　ＲＥＣビル2Ｆ,35.5111689,140.0877262
12,千葉県,両総,283-0113,千葉県山武郡九十九里町不動堂353-2,35.5165659,140.4233872
12,千葉県,鴨川,296-0044,千葉県鴨川市広場1258-1,35.1153967,140.1066754
8,茨城県,水戸,310-0851,茨城県水戸市千波町1940-6,36.3486048,140.4455467
8,茨城県,土浦,300-0812,茨城県土浦市下高津3-1-1,36.0780875,140.1895204
8,茨城県,鹿嶋,314-0252,茨城県神栖市柳川2470,35.8670269,140.7315679
8,茨城県,日立,317-0072,茨城県日立市弁天町2-11-5,36.5907515,140.6533772
9,栃木県,宇都宮,321-0982,栃木県宇都宮市御幸ヶ原町136-176,36.593034,139.9242962
9,栃木県,足利,326-0333,栃木県足利市問屋町353-11,36.3069764,139.4671568
9,栃木県,真岡,321-4325,栃木県真岡市田町6-22 2F,36.4366132,140.0084396
9,栃木県,小山,323-0022,栃木県小山市駅東通1-7-5　YMMビル2Ｆ,36.3162569,139.8120425
9,栃木県,那須,329-2762,栃木県那須塩原市一区町257-15,36.8453759,139.9727244
9,栃木県,栃木,328-0075,栃木県栃木市箱森町41-26 エクセランスA202,36.3954885,139.7258664
10,群馬県,高崎,370-1201,群馬県高崎市倉賀野町2464-2,36.2988497,139.0631051
10,群馬県,前橋,371-0046,群馬県前橋市川原町1-3-7 川原立見ビル,36.4233995,139.0464985
10,群馬県,太田,373-0813,群馬県太田市内ケ島町655-1,36.2811291,139.3943823
10,群馬県,伊勢崎,372-0031,群馬県伊勢崎市今泉町2-402-3,36.3098776,139.196904
11,埼玉県,川越,350-1115,埼玉県川越市野田町1-1-6,35.9129066,139.4755422
11,埼玉県,大宮,330-0804,埼玉県さいたま市大宮区堀の内町3丁目67　柿沼ビル1F,35.9133645,139.6369735
11,埼玉県,浦和,336-0017,埼玉県さいたま市南区南浦和1丁目23-12,35.85002,139.6672403
11,埼玉県,さいたま南,336-0033,埼玉県さいたま市南区曲本2-13-6,35.8377647,139.6346962
11,埼玉県,越谷,343-0032,埼玉県越谷市袋山1596-2　池田ビル3F,35.9208046,139.7786472
11,埼玉県,所沢,359-1141,埼玉県所沢市小手指町3-26-7 KIビル3F,35.7994007,139.4389021
11,埼玉県,幸手久喜,340-0115,埼玉県幸手市中3丁目2-3,36.0773002,139.7196811
11,埼玉県,鷲宮,347-0032,埼玉県加須市花崎1-25-4,36.1073326,139.6347488
11,埼玉県,熊谷,360-0821,埼玉県熊谷市伊勢町197　グローリービル3F,36.1433283,139.3739024
11,埼玉県,さきたま,361-0032,埼玉県行田市佐間1-20-38,36.1319781,139.4603644
11,埼玉県,神川,367-0244,埼玉県児玉郡神川町大字八日市229-10,36.2067456,139.1220031
14,神奈川県,横浜,221-0834,神奈川県横浜市神奈川区台町13-4番地,35.4698971,139.620842
14,神奈川県,横浜東,221-0057,神奈川県横浜市神奈川区青木町5-6　平和ビル3Ｆ,35.4709235,139.6290113
14,神奈川県,相模原,252-0303,神奈川県相模原市南区相模大野8-4-15,35.5303353,139.4374471
14,神奈川県,横須賀,238-0008,神奈川県横須賀市大滝町2-3-11,35.2815404,139.6694986
14,神奈川県,川崎,211-0004,神奈川県川崎市中原区新丸子東1-764-10新丸子レジデンス 1F,35.5792864,139.6617504
14,神奈川県,青葉台,227-0054,神奈川県横浜市青葉区しらとり台49-29番地,35.5339749,139.5166653
14,神奈川県,金澤,236-0021,神奈川県横浜市金沢区泥亀2-1-6　加瀬ビル142,35.340548,139.6240475
14,神奈川県,小田原,250-0001,神奈川県小田原市扇町2丁目23-29,35.2693678,139.1592396
14,神奈川県,孝成,213-0014,神奈川県川崎市高津区新作4-15-5,35.5868179,139.6203806
14,神奈川県,中原,211-0016,神奈川県川崎市中原区市ノ坪378-5　第三弐番館201,35.5675113,139.6631048
14,神奈川県,宮崎台,216-0033,神奈川県川崎市宮前区宮崎3-4-24　ダンロビル１F,35.5929047,139.5914525
14,神奈川県,藤沢,251-0052,神奈川県藤沢市藤沢987-5　ヌマカミビル6F,35.3389357,139.4822185
14,神奈川県,戸塚,244-0817,神奈川県横浜市戸塚区吉田町657-2,35.4071252,139.5371511
14,神奈川県,伊勢原,259-1131,神奈川県伊勢原市伊勢原1-4-23　第5伝田ビル3F,35.3967593,139.3131227
13,東京都,渋谷,150-0042,東京都渋谷区宇田川町37-17　宮坂ビル4階,35.6627959,139.6949465
13,東京都,世田谷,154-0001,東京都世田谷区池尻3-21-25　広井産業ビル3F,35.6494291,139.6805094
13,東京都,豪徳寺,154-0021,東京都世田谷区豪徳寺1－22－2　サカイビル3F,35.6524398,139.646903
13,東京都,大田,144-0051,東京都大田区西蒲田6丁目35-10　タイムハイツ1F,35.5645546,139.7122596
13,東京都,南大田,144-0052,東京都大田区蒲田5-43-5　シャトー蒲田第2ビル,35.5605894,139.7173237
13,東京都,成城,155-0031,東京都世田谷区北沢2丁目23-11　藤森ビル2F,35.6614877,139.6662751
13,東京都,目黒,152-0004,東京都目黒区鷹番3-5-1　池田ビル3Ｆ,35.6279501,139.6846168
13,東京都,足立,120-0034,東京都足立区千住3丁目6-12 　ツォード千住壱番館502,35.7518675,139.8009139
13,東京都,竹ノ塚,121-0813,東京都足立区竹の塚3丁目4-14　シュタインベルグ2F,35.7890821,139.7980225
13,東京都,台東,120-0015,東京都足立区足立2丁目40-16　コムロビル7F,35.7587439,139.8114902
13,東京都,荒川,116-0013,東京都荒川区西日暮里5丁目10-10　FKビル303号,35.7323267,139.7690218
13,東京都,赤羽,115-0045,東京都北区赤羽1-52-4　埼玉ビル2F,35.7828997,139.7221153
13,東京都,江戸川,124-0024,東京都葛飾区新小岩1丁目56-12　岩田ビル2F,35.7137623,139.862623
13,東京都,新宿,169-0075,東京都新宿区高田馬場3丁目44-2,35.714983,139.695814
13,東京都,東京同胞,160-0022,東京都新宿区新宿5-13-2　成約ビル2Ｆ,35.6943332,139.7077134
13,東京都,中野,165-0026,東京都中野区新井1-34-16　アネックス新井2Ｆ,35.7122382,139.6688746
13,東京都,希苑,168-0065,東京都杉並区浜田山4-10-17,35.6837722,139.6302066
13,東京都,天馬,176-0023,東京都練馬区中村北2丁目18-10　アショカビル3F,35.7369536,139.6410447
13,東京都,池袋,170-0013,東京都豊島区東池袋4丁目14-10　塩田ビル3F,35.7268066,139.7199266
13,東京都,一心,170-0004,東京都豊島区北大塚1-18-11 大塚KYビル4F,35.7326599,139.7303761
13,東京都,杉並,167-0041,東京都杉並区善福寺1丁目3-4,35.7113236,139.6002924
13,東京都,杉並南,166-0004,東京都杉並区阿佐ヶ谷南3-1-29　堀野ビル2Ｆ,35.710034,139.637558
13,東京都,葛西,134-0083,東京都江戸川区中葛西3-35-12　森七ビル4Ｆ,35.6642392,139.8722665
13,東京都,江東,136-0071,東京都江東区亀戸1丁目8-5　小林ビル7Ｆ,35.6960979,139.8220607
13,東京都,葛飾,125-0062,東京都葛飾区青戸3-40-6　4F,35.7452747,139.8546161
13,東京都,武蔵野,180-0013,東京都武蔵野市西久保1-6-26　第二山下ビル3Ｆ,35.7064155,139.560195
13,東京都,調布,182-0022,東京都調布市国領町5-73-7,35.6489594,139.5510833
13,東京都,調布西,182-0024,東京都調布市布田1-43-2　S棟401,35.6525221,139.5450987
13,東京都,大泉,189-0001,東京都東村山市秋津5-5-13 ワ-ルドビル1階,35.7798575,139.4940231
13,東京都,八王子,192-0904,東京都八王子市子安町3-20-6,35.6507596,139.3381524
13,東京都,西武,188-0011,東京都西東京市田無町2-11-7　オークビル田無3Ｆ,35.728429,139.5414843
13,東京都,昭島,196-0034,東京都昭島市玉川町5-22-12　101,35.7064996,139.376478
13,東京都,町田,194-0021,東京都町田市中町1-22-10　天一ビル2F,35.5495505,139.4463026
13,東京都,立川,190-0011,東京都立川市高松町3-14-15平和ビル5Ｆ,35.7026989,139.416115
23,愛知県,名古屋,464-0832,愛知県名古屋市千種区山添町2-79番地,35.1615305,136.9523174
23,愛知県,名城,460-0002,愛知県名古屋市中区丸の内1-2-30 胡蝶丸の内ビル,35.1770734,136.8941788
23,愛知県,金山,460-0017,愛知県名古屋市中区松原2丁目21-2,35.1548868,136.896438
23,愛知県,豊田,471-0877,愛知県豊田市錦町2丁目5-1,35.0735264,137.1586694
23,愛知県,緑,458-0847,愛知県名古屋市緑区浦里3-3,35.0857772,136.948239
23,愛知県,東海,476-0011,愛知県東海市富木島町外面13-15,35.0244394,136.9146059
23,愛知県,愛知孝成,466-0856,愛知県名古屋市昭和区川名町4-93-7,35.1522255,136.9436502
23,愛知県,岡崎,444-0045,愛知県岡崎市康生通東2-53番地 渡辺ビル3F,34.9591754,137.16625
23,愛知県,豊川,442-0886,愛知県豊川市千歳2-29-1,34.8267523,137.3757774
23,愛知県,一宮,491-0831,愛知県一宮市森本5-19-20,35.2856426,136.8132335
23,愛知県,犬山,484-0096,愛知県犬山市塔野地西中ノ切15-1,35.3763991,136.9644578
23,愛知県,津島,496-0004,愛知県津島市蛭間町字枡田307-1,35.1856838,136.7737357
23,愛知県,瀬戸,489-0986,愛知県瀬戸市南山2-57,35.2218343,137.0630729
23,愛知県,知立,448-0003,愛知県刈谷市一ツ木町8-6-15  2F,35.0177218,137.0216634
23,愛知県,名進,465-0018,愛知県名古屋市名東区八前2-116,35.181718,136.9849747
23,愛知県,豊橋,440-0865,愛知県豊橋市向山台町15-16,34.7585194,137.3998052
23,愛知県,碧海,444-1154,愛知県安城市桜井町宮西11-7　安城第14東海ビル2F,34.9256412,137.0955115
23,愛知県,春日井,486-0851,愛知県春日井市篠木町3-59,35.2513488,136.9855111
23,愛知県,江南,483-8213,愛知県江南市古知野町朝日248番地,35.3336293,136.8708435
22,静岡県,静岡,420-0859,静岡県静岡市葵区栄町1-17,34.9748382,138.3914113
22,静岡県,沼津,410-0302,静岡県沼津市東椎路21-1,35.116828,138.8409894
22,静岡県,富士山,417-0024,静岡県富士市八代町7-14,35.1539633,138.6943309
22,静岡県,浜松,430-0846,静岡県浜松市南区白羽町319-1,34.6784808,137.7343451
22,静岡県,浜松北,434-0033,静岡県浜松市浜北区西美薗27-6,34.7927441,137.7895331
22,静岡県,藤枝,426-0037,静岡県藤枝市青木3-13-1,34.8550835,138.2545357
22,静岡県,磐周,438-0821,静岡県磐田市立野151,34.7199594,137.821876
21,岐阜県,岐阜,500-8356,岐阜県岐阜市六条江東2丁目1-9,35.3912241,136.7466133
21,岐阜県,各務原,504-0844,岐阜県各務原市蘇原吉新町2-48,35.4078617,136.8581576
21,岐阜県,高山,506-0817,岐阜県高山市山口町874-3,36.1420392,137.2837025
21,岐阜県,大垣,503-0923,岐阜県大垣市船町4-13,35.3557789,136.6109305
21,岐阜県,東濃,509-5154,岐阜県土岐市泉西山町1-6　TAKビル6F,35.3577143,137.1750847
19,山梨県,甲府,400-0858,山梨県甲府市相生1-1-1　M-1ビル6F,35.6577506,138.5664227
20,長野県,長野,381-0014,長野県長野市北尾張部730番地,36.6552277,138.234541
20,長野県,松本,390-0821,長野県松本市筑摩1‐2-17,36.2261449,137.978751
20,長野県,諏訪,392-0021,長野県諏訪市上川2-2203-1　上川ビル2F,36.0306602,138.1149973
20,長野県,飯田,395-0812,長野県飯田市松尾代田809-3,35.4927187,137.8290514
20,長野県,上田,386-0151,長野県上田市芳田1815-9,36.3766565,138.2915873
20,長野県,安曇野,399-8301,長野県安曇野市穂高有明豊里8657-4,36.3460003,137.8453636
20,長野県,伊那,399-4511,長野県上伊那郡南箕輪村神子柴8304-471,35.8576805,137.9702741
20,長野県,佐久,385-0051,長野県佐久市中込2-23-5 アクアビル3F,36.2278712,138.4757389
20,長野県,信州中野,381-0208,長野県上高井郡小布施町都住429-2,36.706595,138.3219457
15,新潟県,新潟,950-0064,新潟県新潟市東区松島2-4-33,37.9321013,139.0749432
15,新潟県,新潟西,950-2042,新潟県新潟市西区坂井1-20-4,37.8759082,138.9834674
15,新潟県,新発田,959-2311,新潟県新発田市荒町字道下甲101番地,37.9296639,139.3254965
15,新潟県,新潟東,950-0892,新潟県新潟市東区寺山1-18-21,37.9169749,139.1067604
15,新潟県,長岡,940-0072,新潟県長岡市柳原町5-1,37.4474833,138.8436913
15,新潟県,上越,943-0804,新潟県上越市新光町1-1-52,37.1558524,138.2372043
15,新潟県,県央,955-0046,新潟県三条市興野3-10-1　エルビービル2F,37.6330831,138.9737981
16,富山県,富山,939-8211,富山県富山市二口町4丁目7番地4,36.6676187,137.2054745
16,富山県,高岡射水,939-0275,富山県射水市八塚473,36.7299191,137.0560365
16,富山県,新川,936-0806,富山県滑川市北野466,36.7688383,137.3727223
16,富山県,砺波,939-1368,富山県砺波市本町7-4　山崎屋ビル2F,36.637402,136.951096
17,石川県,金沢,920-0846,石川県金沢市昌永町7-6,36.5796204,136.660154
17,石川県,能登,929-2222,石川県七尾市中島町中島　ヌ7-2,37.1171197,136.8604356
17,石川県,加賀,922-0437,石川県加賀市白山台103-1 朝陽館1F,36.3222557,136.3489448
18,福井県,福井,918-8013,福井県福井市花堂東1丁目6-11,36.0423025,136.2216188
18,福井県,越前,916-0066,福井県鯖江市上氏家町26-15-1,35.9376571,136.1579649
27,大阪府,大阪,545-0021,大阪府大阪市阿倍野区阪南町2丁目22-15,34.6312602,135.5153993
27,大阪府,大阪同胞,558-0013,大阪府大阪市住吉区我孫子東2-1-26清心会館2Ｆ,34.6013663,135.5125584
27,大阪府,水都,533-0033,大阪市東淀川区東中島1-8-5 2F,34.7294658,135.5022207
27,大阪府,新大阪,532-0033,大阪市淀川区新高3-9-14　ピカソビル2F,34.7370474,135.4827571
27,大阪府,東大阪,577-0054,大阪府東大阪市高井田元町2丁目12-38　サンケイビル3F,34.6652752,135.5761136
27,大阪府,吹田,564-0044,大阪府吹田市南金田２丁目25-17 4F,34.7539044,135.5021224
27,大阪府,豊中,560-0022,大阪府豊中市北桜塚3-1-13,34.7831794,135.4685511
27,大阪府,大阪孝成,560-0041,大阪府豊中市清風荘1-7-33　CASA AZUL１階東側,34.8010573,135.4504502
27,大阪府,京阪,570-0032,大阪府守口市菊水通2丁目9-16,34.7311657,135.5787335
27,大阪府,堺,590-0076,大阪府堺市堺区北瓦町1-2-22　セイキセンタービル401,34.5760861,135.4814872
27,大阪府,堺西,590-0971,大阪府堺市堺区栄橋町1-4-7,34.580672,135.468135
27,大阪府,岸和田,596-0055,大阪府岸和田市五軒屋町2-6　SUビル2F,34.462926,135.376104
27,大阪府,藤井寺,583-0027,大阪府藤井寺市岡1-9-41　藤井ビル,34.5748572,135.5960062
27,大阪府,門真,571-0048,大阪府門真市新橋町17-8　ライズビル4Ｆ,34.7358197,135.5845141
27,大阪府,富田林,584-0092,大阪府富田林市昭和町1-9-28　ピュアワールドプラザ4Ｆ,34.504179,135.5997684
27,大阪府,新北摂,567-0883,大阪府茨木市大手町10-31　茨木大手町ビル6F,34.8167193,135.5705219
27,大阪府,花園,578-0942,大阪府東大阪市若江本町4-5-7,34.6548014,135.6050469
27,大阪府,八尾,581-0018,大阪府八尾市青山町4-10-32,34.6196772,135.6115979
26,京都府,京都,615-0032,京都府京都市右京区西院西高田町6番地,34.9972567,135.7307955
26,京都府,京都伏見,612-8301,京都府京都市伏見区加賀屋町732,34.9453646,135.7580075
26,京都府,北都,624-0841,京都府舞鶴市字引土小字京橋250 大幸ビル4F,35.4401909,135.323039
29,奈良県,奈良,631-0816,奈良県奈良市西大寺本町3-23,34.6962415,135.780751
29,奈良県,平城,630-8013,奈良県奈良市三条大路1-10-10　タカハシ第3ビル2F,34.6834476,135.8014516
29,奈良県,大和郡山,639-1121,奈良県大和郡山市杉町 269-1,34.6343705,135.7862977
29,奈良県,橿原,634-0813,奈良県橿原市四条町785-8,34.5042683,135.784501
29,奈良県,かつらぎ,639-0235,奈良県香芝市良福寺97-1,34.5264886,135.7093425
25,滋賀県,大津,520-0038,滋賀県大津市山上町2-43　アロマコート,35.0207043,135.85489
25,滋賀県,瀬田,520-2144,滋賀県大津市大萱1-17-14　松政ビル5F,34.9869785,135.9266647
25,滋賀県,彦根,522-0002,滋賀県彦根市松原町3617-3,35.2743905,136.2596827
25,滋賀県,滋賀,524-0032,滋賀県守山市岡町156-6,35.0506032,136.0031701
30,和歌山県,和歌山,640-8341,和歌山県和歌山市黒田2‐5‐24,34.2335818,135.1959183
30,和歌山県,和歌山北,649-6414,和歌山県紀の川市打田1463-1,34.2593254,135.3655879
30,和歌山県,田辺,646-0011,和歌山県田辺市新庄1829番地　ナカイビル3F,33.7122078,135.4038322
28,兵庫県,神戸,654-0071,兵庫県神戸市須磨区須磨寺町3丁目3-3,34.6494337,135.1128336
28,兵庫県,兵庫,658-0021,兵庫県神戸市東灘区深江本町3-5-25,34.7225637,135.293282
28,兵庫県,明石,673-0882,兵庫県明石市相生町2丁目8-2ミツヤビル3F,34.644977,134.9973225
28,兵庫県,加古川,675-0025,兵庫県加古川市尾上町養田746-1,34.7481922,134.8134951
28,兵庫県,姫路,672-8040,兵庫県姫路市飾磨区野田町59番地,34.8114144,134.6853656
28,兵庫県,西宮,663-8113,兵庫県西宮市甲子園口3-14-20　小西ビル3F,34.7367871,135.372663
28,兵庫県,阪神,663-8231,兵庫県西宮市津門西口町8-11　丹波屋ビル3Ｆ,34.7332681,135.348818
28,兵庫県,尼崎,661-0012,兵庫県尼崎市南塚口町3-11-13　広栄ビル3Ｆ,34.7511236,135.4219151
24,三重県,みえ中央,514-0131,三重県津市あのつ台4-7-4,34.7900873,136.4994348
24,三重県,四日市,510-0074,三重県四日市市鵜の森2丁目10-5,34.9655795,136.6123412
24,三重県,伊勢,515-0508,三重県伊勢市柏町1730-3,34.5358255,136.6474721
24,三重県,伊賀,518-0751,三重県名張市蔵持町芝出144-1,34.6310875,136.1026118
33,岡山県,岡山,701-0221,岡山県岡山市南区藤田1999-1,34.5982041,133.8965076
33,岡山県,東岡山,703-8254,岡山県岡山市中区八幡148-2,34.6835952,133.9500489
33,岡山県,総社,719-1131,岡山県総社市中央6丁目9-110　エンスイビル102,34.6676658,133.7487739
33,岡山県,倉敷,710-0826,岡山県倉敷市老松町4-8-20　サンライトビル老松4F,34.5935053,133.7580034
34,広島県,広島,730-0854,広島県広島市中区土橋町5-3番地,34.3927118,132.4484581
34,広島県,広島中央,730-0806,広島県広島市中区西十日市町1-3 森田共同ビル2F,34.3986807,132.4470951
34,広島県,広島北,731-0138,広島県広島市安佐南区祇園4丁目52-5,34.4411819,132.4567662
34,広島県,広島西,733-0834,広島県広島市西区草津新町2-14-18,34.3747998,132.3953725
34,広島県,広島西条,739-0007,広島県東広島市西条土与丸1-5-62,34.4260674,132.7499999
34,広島県,福山,721-0952,広島県福山市曙町6-1-1,34.4686756,133.3993167
34,広島県,三原,723-0015,広島県三原市円一町3-5-7　森本ビル202号,34.3954067,133.0765044
34,広島県,尾道,722-0055,広島県尾道市新高山3-1170-161　2F,34.4245271,133.214318
34,広島県,呉,737-0045,広島県呉市本通2-9-8,34.2435825,132.5671774
31,鳥取県,鳥取,680-0942,鳥取県鳥取市湖山町東3-52,35.5175938,134.1905369
31,鳥取県,米子,683-0805,鳥取県米子市西福原4丁目7-62,35.4445979,133.3386128
31,鳥取県,倉吉,689-0605,鳥取県東伯郡湯梨浜町園2187-1,35.5056531,133.9274892
32,島根県,松江,690-0823,島根県松江市西川津町4300番地,35.4777669,133.070568
32,島根県,出雲,693-0012,島根県出雲市大津新崎町6-50,35.3677289,132.7683685
32,島根県,益田,698-0026,島根県益田市あけぼの本町10-16　センタービル湖月2F,34.6796367,131.8412535
32,島根県,浜田,697-0015,島根県浜田市竹迫町2883,34.8978858,132.0878208
35,山口県,下関,751-0873,山口県下関市秋根西町1丁目6-30,34.0088548,130.9460068
35,山口県,宇部,755-0085,山口県宇部市沼１丁目9-37,33.9635311,131.2638162
35,山口県,山口,754-0002,山口県小郡下郷1286-6,34.0958614,131.3967463
35,山口県,防府,747-0037,山口県防府市八王子2-1-7,34.0572222,131.5680894
35,山口県,徳山,745-0816,山口県周南市遠石2-9-11,34.0428227,131.8236081
35,山口県,岩国,740-0012,山口県岩国市元町3-5-6　公園通りビル4Ｆ,34.1709735,132.2297889
39,高知県,高知,780-8011,高知県高知市梅ノ辻8-8,33.5534518,133.5437016
39,高知県,高知東,783-0005,高知県南国市大そね乙780,33.5648259,133.654286
36,徳島県,徳島,771-0142,徳島県徳島市川内町沖島298-7,34.1085634,134.5707617
36,徳島県,阿南,779-1101,徳島県阿南市羽ノ浦町中庄原ノ内34-1,33.9631905,134.6259943
37,香川県,高松,760-0080,香川県高松市木太町1636-5,34.3232466,134.075193
37,香川県,高松西,761-8055,香川県高松市紙町581-2,34.3157474,134.0330434
37,香川県,丸亀,763-0092,香川県丸亀市川西町南249-1,34.2549108,133.8322914
37,香川県,観音寺,768-0011,香川県観音寺市出作町652-2,34.1163646,133.6778715
38,愛媛県,松山,790-0043,愛媛県松山市保免西2丁目3-5,33.8157525,132.7426162
38,愛媛県,新居浜,792-0026,愛媛県新居浜市久保田町3丁目1-4 第一アイワビル401,33.9561341,133.2864061
38,愛媛県,四国中央,799-0405,愛媛県四国中央市三島中央3-11-24,33.9829059,133.5433778
38,愛媛県,今治,794-0043,愛媛県今治市南宝来町1丁目2-4,34.0621671,132.9972621
38,愛媛県,宇和島,798-0067,愛媛県宇和島市桝形町3丁目8-26,33.2192085,132.5605924
40,福岡県,福岡,815-0082,福岡県福岡市南区大楠3-19-29,33.5676294,130.415296
40,福岡県,福岡東,811-2318,福岡県粕屋郡粕屋町戸原東1-2-5-3F,33.6193745,130.4776281
40,福岡県,福岡西,814-0161,福岡県福岡市早良区飯倉2-14-25,33.5645417,130.3520665
40,福岡県,北九州,803-0844,福岡県北九州市小倉北区真鶴2丁目11-5　真鶴ビル301号,33.8723822,130.8530193
40,福岡県,八幡,805-0068,福岡県北九州市八幡東区桃園2-14-10 301,33.8632551,130.7839207
40,福岡県,久留米,839-0861,福岡県久留米市合川町1573,33.3134533,130.5345017
40,福岡県,大牟田,836-0021,福岡県大牟田市浜町1-8　浜町マンション1F,33.0381018,130.4457243
41,佐賀県,佐賀,849-0917,佐賀市高木瀬町大字長瀬1771-1,33.2993074,130.2859649
41,佐賀県,唐津,847-0031,佐賀県唐津市原1376-1,33.4166551,129.9950824
42,長崎県,諫早,854-0022,長崎県諫早市幸町24-33,32.8392706,130.0616682
42,長崎県,長崎,850-0022,長崎県長崎市馬町15‐3,32.7522458,129.8826906
42,長崎県,佐世保,857-1165,長崎県佐世保市大和町731-4,33.1583518,129.7520125
44,大分県,大分,870-0016,大分県大分市新川町2丁目5-45　新川ビル,33.2499752,131.6084133
44,大分県,別府,874-0916,大分県別府市中須賀本町2組　竹光ビル2F,33.2948211,131.5013202
45,宮崎県,宮崎,880-0924,宮崎県宮崎市大字郡司分丙9857-4,31.8697517,131.4209338
45,宮崎県,都城,885-0033,宮崎県都城市妻ケ丘町8-1,31.73091,131.0750927
43,熊本県,熊本,862-0954,熊本県熊本市中央区神水1-33-22　末永ビル3Ｆ,32.7838306,130.7458448
43,熊本県,八代,866-0857,熊本県八代市出町6-45-2,32.5081951,130.6071194
43,熊本県,城北,865-0058,熊本県玉名市六田10-7,32.9240933,130.5458725
43,熊本県,熊本阿蘇,861-8041,熊本県熊本市東区戸島1-17-86,32.8152158,130.8000419
46,鹿児島県,鹿児島,890-0054,鹿児島県鹿児島市荒田2丁目27-8,31.5719338,130.5472212
46,鹿児島県,薩摩,891-0122,鹿児島県鹿児島市南栄5-10-37 丸善ビル2F,31.5082287,130.5172847
46,鹿児島県,霧島,899-5213,鹿児島県姶良市加治木町朝日町261-1,31.7334112,130.6696173
47,沖縄県,那覇,900-0003,沖縄県那覇市安謝617-2番地,26.2380188,127.6927587
